epoch,train_loss,train_acc,train_f1,val_loss,val_acc,val_balanced_acc,val_f1,epoch_time,lr
1,0.6523732820082279,0.6192460317460318,0.6073509251713856,0.7032863597075144,0.6962962962962963,0.7477654886007289,0.6934079840190803,36.02329349517822,0.0003484193447750949
2,0.3746593643127689,0.7696428571428572,0.7637043573424198,0.5127305476201905,0.7527777777777778,0.7982977370963641,0.7799863455468128,36.19555926322937,0.0003484193447750949
3,0.3046760557840268,0.8150793650793651,0.8147212915545042,0.3718264414204491,0.8296296296296296,0.8719353335028392,0.8629042376052993,36.40339279174805,0.0003484193447750949
4,0.26936277107941725,0.834920634920635,0.8325770625433959,0.3098080396514248,0.8527777777777777,0.8874576235274175,0.880142897297999,36.33525037765503,0.0003484193447750949
