{
  "selected_features": 640,
  "total_features": 1280,
  "performance": {
    "baseline_f1": 0.5355105180696603,
    "aco_best_f1": 0.5679588275405287,
    "n_features_total": 1280,
    "n_features_selected": 640,
    "improvement": 0.03244830947086841
  }
}