{
  "best_epoch": 6,
  "best_val_f1": 0.9394569981401439,
  "test_accuracy": 0.91,
  "test_balanced_accuracy": 0.9255682057769345,
  "test_macro_f1": 0.9242828458918265,
  "test_f1_per_class": [
    0.9710550887021475,
    0.9931972789115646,
    0.8658399098083427,
    0.8670391061452514
  ],
  "test_confusion_matrix": [
    [
      520,
      0,
      2,
      5
    ],
    [
      0,
      73,
      0,
      0
    ],
    [
      14,
      0,
      384,
      52
    ],
    [
      10,
      1,
      51,
      388
    ]
  ]
}