{
  "best_epoch": 4,
  "best_val_f1": 0.880142897297999,
  "test_accuracy": 0.8657407407407407,
  "test_balanced_accuracy": 0.9020476311551826,
  "test_macro_f1": 0.8933229825566054,
  "test_f1_per_class": [
    0.9172413793103448,
    1.0,
    0.8508557457212714,
    0.8051948051948052
  ],
  "test_confusion_matrix": [
    [
      266,
      0,
      1,
      3
    ],
    [
      0,
      73,
      0,
      0
    ],
    [
      24,
      0,
      348,
      65
    ],
    [
      20,
      0,
      32,
      248
    ]
  ]
}