algorithm,score,time,source,efficiency,rank
PSO,0.8401607731173735,1790.9823541641235,phase1,0.00046910611413610606,1
GWO,0.8288953675790305,1697.871904373169,phase1,0.00048819664484456537,2
BAT,0.8217775964112882,1838.8195662498474,phase1,0.00044690496612473244,3
DE,0.7977660774947115,2474.8669843673706,phase1,0.00032234705227048423,4
GWO_tuned,0.7350453699601476,130.2559061050415,phase2,0.0056430866461003515,5
WOA_tuned,0.6900084497958722,118.92599034309387,phase2,0.0058019987220896225,6
