algorithm,tuned_params,score,time
WOA,"{'a_decay_start': np.float64(1.6551853605077347), 'a_decay_end': np.float64(0.5), 'b_spiral': np.float64(1.5284782587952384), 'p_threshold': np.float64(0.5208342035360044)}",0.6161610872989933,67.42993474006653
GWO,"{'a_start': np.float64(2.753525815202839), 'a_end': np.float64(0.04547224467923877)}",0.6797626036082622,76.22070479393005
