{
  "gradcam": {
    "PSO": {
      "params": {
        "smoothing_sigma": 2.9684815819561257,
        "n_smooth_samples": 1,
        "noise_std": 0.3
      },
      "score": 0.5721024566574567,
      "time": 65.80317902565002
    },
    "GWO": {
      "params": {
        "smoothing_sigma": 1.5288410948063542,
        "n_smooth_samples": 1,
        "noise_std": 0.08717728293616414
      },
      "score": 0.5731787805309911,
      "time": 68.99161767959595
    },
    "BAT": {
      "params": {
        "smoothing_sigma": 2.1278848627473144,
        "n_smooth_samples": 1,
        "noise_std": 0.29410797834714475
      },
      "score": 0.5716182946510056,
      "time": 86.06895279884338
    },
    "DE": {
      "params": {
        "smoothing_sigma": 1.5691058005075513,
        "n_smooth_samples": 1,
        "noise_std": 0.3
      },
      "score": 0.5742858763262123,
      "time": 72.57933306694031
    }
  },
  "shap": {
    "PSO": {
      "params": {
        "background_size": 77,
        "nsamples": 109
      },
      "score": 0.5680914373360597,
      "time": 98.15215754508972
    },
    "GWO": {
      "params": {
        "background_size": 15,
        "nsamples": 91
      },
      "score": 0.601367573909604,
      "time": 99.07599210739136
    },
    "BAT": {
      "params": {
        "background_size": 24,
        "nsamples": 48
      },
      "score": 0.5925341224658709,
      "time": 99.84669828414917
    },
    "DE": {
      "params": {
        "background_size": 48,
        "nsamples": 182
      },
      "score": 0.6306793096428797,
      "time": 96.61818790435791
    }
  }
}